5.858429126803537596e-09	3.502302302302302337e+02
5.880255944467166800e-09	3.505405405405405190e+02
5.902183203807572091e-09	3.508508508508508612e+02
5.924322171954244409e-09	3.511611611611611465e+02
5.946511950214426074e-09	3.514714714714714887e+02
5.968967309740671151e-09	3.517817817817817740e+02
5.991474668241862464e-09	3.520920920920921162e+02
6.014198689138641867e-09	3.524024024024024015e+02
6.037027907157942434e-09	3.527127127127126869e+02
6.060023687287905994e-09	3.530230230230230291e+02
6.083179072171800201e-09	3.533333333333333144e+02
6.106449727155762602e-09	3.536436436436436566e+02
6.129935614320106379e-09	3.539539539539539419e+02
6.153484277537066182e-09	3.542642642642642841e+02
6.177305030467088657e-09	3.545745745745745694e+02
6.201180712451877427e-09	3.548848848848848547e+02
6.225294863304525185e-09	3.551951951951951969e+02
6.249511035580060012e-09	3.555055055055055391e+02
6.273912701351747881e-09	3.558158158158158244e+02
6.298473793853200227e-09	3.561261261261261097e+02
6.323166178955640776e-09	3.564364364364364519e+02
6.348076649687570191e-09	3.567467467467467372e+02
6.373062976290629262e-09	3.570570570570570226e+02
6.398327311326973459e-09	3.573673673673673647e+02
6.423649585696124963e-09	3.576776776776777069e+02
6.449233532842774794e-09	3.579879879879879923e+02
6.474915452427913659e-09	3.582982982982982776e+02
6.500803114133884460e-09	3.586086086086086198e+02
6.526849231458896523e-09	3.589189189189189051e+02
6.553043900926768969e-09	3.592292292292292473e+02
6.579458796584912436e-09	3.595395395395395326e+02
6.605963784775446119e-09	3.598498498498498748e+02
6.632752067429351569e-09	3.601601601601601601e+02
6.659601379892318852e-09	3.604704704704704454e+02
6.686737009443157860e-09	3.607807807807807876e+02
6.713965646199991396e-09	3.610910910910910729e+02
6.741421633904829842e-09	3.614014014014014151e+02
6.769034270068111642e-09	3.617117117117117004e+02
6.796813997920410716e-09	3.620220220220220426e+02
6.824815336672099301e-09	3.623323323323323280e+02
6.852922204423498280e-09	3.626426426426426133e+02
6.881316977014931985e-09	3.629529529529529555e+02
6.909775950089898039e-09	3.632632632632632976e+02
6.938547367927136113e-09	3.635735735735735830e+02
6.967405868526460085e-09	3.638838838838838683e+02
6.996514732066788561e-09	3.641941941941942105e+02
7.025777557891758566e-09	3.645045045045044958e+02
7.055227337919514186e-09	3.648148148148147811e+02
7.084899314740794845e-09	3.651251251251251233e+02
7.114693499798511463e-09	3.654354354354354655e+02
7.144779481456126535e-09	3.657457457457457508e+02
7.174932914469960463e-09	3.660560560560560361e+02
7.205426446247860879e-09	3.663663663663663783e+02
7.236000134169177844e-09	3.666766766766766636e+02
7.266848643153660544e-09	3.669869869869870058e+02
7.297847506272445663e-09	3.672972972972972912e+02
7.329054552038737002e-09	3.676076076076076333e+02
7.360483538714348591e-09	3.679179179179179187e+02
7.392052698595850529e-09	3.682282282282282040e+02
7.423916785257030029e-09	3.685385385385385462e+02
7.455851654345324269e-09	3.688488488488488315e+02
7.488155845490178048e-09	3.691591591591591737e+02
7.520532221021701488e-09	3.694694694694694590e+02
7.553209364831038621e-09	3.697797797797798012e+02
7.586032289684473382e-09	3.700900900900900865e+02
7.619086034524399084e-09	3.704004004004003718e+02
7.652360579647812065e-09	3.707107107107107140e+02
7.685794591642624528e-09	3.710210210210210562e+02
7.719525856053439284e-09	3.713313313313313415e+02
7.753343819085589971e-09	3.716416416416416268e+02
7.787536929870631379e-09	3.719519519519519690e+02
7.821805670109277430e-09	3.722622622622622544e+02
7.856402657896204397e-09	3.725725725725725397e+02
7.891139845733835906e-09	3.728828828828828819e+02
7.926131942754555452e-09	3.731931931931932240e+02
7.961342771727920605e-09	3.735035035035035094e+02
7.996733732897589927e-09	3.738138138138137947e+02
8.032423424612839888e-09	3.741241241241241369e+02
8.068217022604805854e-09	3.744344344344344222e+02
8.104390826737446787e-09	3.747447447447447644e+02
8.140643785588844991e-09	3.750550550550550497e+02
8.177254046278150582e-09	3.753653653653653919e+02
8.213997875158218674e-09	3.756756756756756772e+02
8.251022197238903570e-09	3.759859859859859625e+02
8.288262212273110727e-09	3.762962962962963047e+02
8.325704439451232492e-09	3.766066066066065900e+02
8.363445984834409510e-09	3.769169169169169322e+02
8.401309978574192220e-09	3.772272272272272176e+02
8.439558426570554673e-09	3.775375375375375597e+02
8.477889634749041364e-09	3.778478478478478451e+02
8.516608817037527223e-09	3.781581581581581304e+02
8.555453841827004992e-09	3.784684684684684726e+02
8.594606481618890887e-09	3.787787787787788147e+02
8.633970761733508544e-09	3.790890890890891001e+02
8.673560791525712703e-09	3.793993993993993854e+02
8.713449793749023690e-09	3.797097097097097276e+02
8.753481163796658971e-09	3.800200200200200129e+02
8.793900382981563458e-09	3.803303303303302982e+02
8.834406048010190029e-09	3.806406406406406404e+02
8.875332020366721943e-09	3.809509509509509826e+02
8.916374972741262803e-09	3.812612612612612679e+02
8.957754242667596549e-09	3.815715715715715532e+02
8.999340043690929771e-09	3.818818818818818954e+02
9.041176632474885598e-09	3.821921921921921808e+02
9.083310871519234329e-09	3.825025025025024661e+02
9.125608818206808919e-09	3.828128128128128083e+02
9.168297112713807556e-09	3.831231231231231504e+02
9.211075618924312340e-09	3.834334334334334358e+02
9.254308469589768951e-09	3.837437437437437211e+02
9.297648258033762884e-09	3.840540540540540633e+02
9.341354690289857128e-09	3.843643643643644054e+02
9.385261444858881373e-09	3.846746746746746339e+02
9.429445568784304087e-09	3.849849849849849761e+02
9.473925001439329252e-09	3.852952952952953183e+02
9.518590944870939433e-09	3.856056056056056036e+02
9.563648795642259696e-09	3.859159159159158889e+02
9.608800704175119245e-09	3.862262262262262311e+02
9.654442741162443339e-09	3.865365365365365733e+02
9.700180450968958994e-09	3.868468468468468586e+02
9.746316797522139239e-09	3.871571571571571440e+02
9.792646115082591350e-09	3.874674674674674861e+02
9.839280970071209024e-09	3.877777777777777715e+02
9.886207729935224671e-09	3.880880880880880568e+02
9.933345309987037484e-09	3.883983983983983990e+02
9.980875374773653342e-09	3.887087087087087411e+02
1.002851991427457559e-08	3.890190190190190265e+02
1.007665917467216348e-08	3.893293293293293118e+02
1.012489806794300772e-08	3.896396396396396540e+02
1.017356930053265203e-08	3.899499499499499393e+02
1.022242496733892436e-08	3.902602602602602246e+02
1.027161596908453417e-08	3.905705705705705668e+02
1.032109436656459753e-08	3.908808808808809090e+02
1.037080944288478957e-08	3.911911911911911943e+02
1.042091655624634042e-08	3.915015015015014797e+02
1.047116003031793926e-08	3.918118118118118218e+02
1.052190187283809358e-08	3.921221221221221640e+02
1.057274738848374203e-08	3.924324324324323925e+02
1.062406069862127276e-08	3.927427427427427347e+02
1.067554867773650910e-08	3.930530530530530768e+02
1.072740346170491447e-08	3.933633633633633622e+02
1.077953998401675152e-08	3.936736736736736475e+02
1.083194063602556516e-08	3.939839839839839897e+02
1.088473180933044352e-08	3.942942942942943318e+02
1.093768274134733744e-08	3.946046046046046172e+02
1.099113470151103122e-08	3.949149149149149025e+02
1.104469445525073078e-08	3.952252252252252447e+02
1.109875925421957984e-08	3.955355355355355300e+02
1.115298768551558943e-08	3.958458458458458153e+02
1.120761610694466784e-08	3.961561561561561575e+02
1.126251941811275435e-08	3.964664664664664997e+02
1.131771594500243823e-08	3.967767767767767850e+02
1.137330036642770038e-08	3.970870870870870704e+02
1.142906949953658194e-08	3.973973973973974125e+02
1.148534128967352641e-08	3.977077077077076979e+02
1.154172507403516298e-08	3.980180180180179832e+02
1.159865299289083963e-08	3.983283283283283254e+02
1.165573219304818317e-08	3.986386386386386675e+02
1.171324632694781174e-08	3.989489489489489529e+02
1.177102726780528891e-08	3.992592592592592382e+02
1.182913218854016571e-08	3.995695695695695804e+02
1.188762122307161940e-08	3.998798798798799226e+02
1.194632152019116920e-08	4.001901901901901510e+02
1.200552502943978406e-08	4.005005005005004932e+02
1.206484481376000324e-08	4.008108108108108354e+02
1.212474970333001309e-08	4.011211211211211207e+02
1.218479216583791834e-08	4.014314314314314061e+02
1.224530630699004989e-08	4.017417417417417482e+02
1.230607789517881204e-08	4.020520520520520904e+02
1.236720594849520574e-08	4.023623623623623757e+02
1.242871313792732249e-08	4.026726726726726611e+02
1.249045978174833158e-08	4.029829829829830032e+02
1.255270907605571354e-08	4.032932932932932886e+02
1.261507900647982802e-08	4.036036036036035739e+02
1.267807693736375733e-08	4.039139139139139161e+02
1.274119733252020354e-08	4.042242242242242583e+02
1.280482799547879053e-08	4.045345345345345436e+02
1.286870542544939410e-08	4.048448448448448289e+02
1.293297356985570272e-08	4.051551551551551711e+02
1.299761463279169890e-08	4.054654654654654564e+02
1.306252502577692323e-08	4.057757757757757417e+02
1.312793634789891878e-08	4.060860860860860839e+02
1.319349377435247233e-08	4.063963963963964261e+02
1.325968200995041912e-08	4.067067067067067114e+02
1.332599718486204599e-08	4.070170170170169968e+02
1.339286310395312320e-08	4.073273273273273389e+02
1.345996374696486782e-08	4.076376376376376243e+02
1.352749116074148737e-08	4.079479479479479096e+02
1.359538399259328447e-08	4.082582582582582518e+02
1.366357775697756893e-08	4.085685685685685939e+02
1.373226952647869167e-08	4.088788788788788793e+02
1.380113451515089371e-08	4.091891891891891646e+02
1.387063199918004307e-08	4.094994994994995068e+02
1.394026097776225168e-08	4.098098098098098490e+02
1.401048310708384030e-08	4.101201201201201343e+02
1.408092651120472079e-08	4.104304304304304196e+02
1.415183459240412797e-08	4.107407407407407618e+02
1.422309926539232118e-08	4.110510510510510471e+02
1.429469824318250863e-08	4.113613613613613325e+02
1.436679105643602527e-08	4.116716716716716746e+02
1.443908589328817086e-08	4.119819819819820168e+02
1.451201374627436009e-08	4.122922922922923021e+02
1.458507772925120041e-08	4.126026026026025875e+02
1.465877924267341222e-08	4.129129129129129296e+02
1.473268713278013352e-08	4.132232232232232150e+02
1.480709949922680132e-08	4.135335335335335003e+02
1.488185826238074227e-08	4.138438438438438425e+02
1.495698651535575792e-08	4.141541541541541847e+02
1.503260314554359231e-08	4.144644644644644700e+02
1.510845233630896621e-08	4.147747747747747553e+02
1.518493385558679729e-08	4.150850850850850975e+02
1.526155622049107241e-08	4.153953953953953828e+02
1.533886251165600724e-08	4.157057057057056682e+02
1.541635878943399431e-08	4.160160160160160103e+02
1.549440127872448138e-08	4.163263263263263525e+02
1.557277855788218215e-08	4.166366366366366378e+02
1.565156236759293594e-08	4.169469469469469232e+02
1.573082776470577664e-08	4.172572572572572653e+02
1.581035803488974925e-08	4.175675675675676075e+02
1.589051869460246147e-08	4.178778778778778360e+02
1.597082499577568623e-08	4.181881881881881782e+02
1.605186367809752955e-08	4.184984984984985203e+02
1.613307442204087609e-08	4.188088088088088057e+02
1.621487509154372416e-08	4.191191191191190910e+02
1.629699748935194996e-08	4.194294294294294332e+02
1.637956535712145400e-08	4.197397397397397754e+02
1.646260664795863514e-08	4.200500500500500607e+02
1.654594694283856492e-08	4.203603603603603460e+02
1.662991439393820527e-08	4.206706706706706882e+02
1.671403236253055828e-08	4.209809809809809735e+02
1.679893326919548362e-08	4.212912912912912589e+02
1.688398673460705133e-08	4.216016016016016010e+02
1.696967586146289273e-08	4.219119119119119432e+02
1.705567215737707253e-08	4.222222222222222285e+02
1.714215480430030549e-08	4.225325325325325139e+02
1.722910129246993251e-08	4.228428428428428560e+02
1.731638277709526026e-08	4.231531531531531414e+02
1.740428684734248160e-08	4.234634634634634267e+02
1.749237250506277220e-08	4.237737737737737689e+02
1.758124157527917931e-08	4.240840840840841111e+02
1.767026819427046883e-08	4.243943943943943964e+02
1.775997827539192561e-08	4.247047047047046817e+02
1.784997942567624646e-08	4.250150150150150239e+02
1.794050979262029912e-08	4.253253253253253661e+02
1.803149295853910980e-08	4.256356356356355946e+02
1.812284901773130901e-08	4.259459459459459367e+02
1.821482171169555207e-08	4.262562562562562789e+02
1.830700888731961993e-08	4.265665665665665642e+02
1.839997864980950358e-08	4.268768768768768496e+02
1.849311103130079682e-08	4.271871871871871917e+02
1.858697678337257664e-08	4.274974974974975339e+02
1.868111592109987779e-08	4.278078078078078192e+02
1.877582916870380747e-08	4.281181181181181046e+02
1.887098266959735724e-08	4.284284284284284468e+02
1.896654890794989440e-08	4.287387387387387321e+02
1.906272440700923886e-08	4.290490490490490174e+02
1.915914914908501923e-08	4.293593593593593596e+02
1.925635430937915211e-08	4.296696696696697018e+02
1.935372723909936661e-08	4.299799799799799871e+02
1.945188559857816355e-08	4.302902902902902724e+02
1.955029803363005555e-08	4.306006006006006146e+02
1.964933154230500521e-08	4.309109109109108999e+02
1.974879121220744542e-08	4.312212212212211853e+02
1.984870545408589255e-08	4.315315315315315274e+02
1.994922011642719602e-08	4.318418418418418696e+02
2.005002069327460722e-08	4.321521521521521549e+02
2.015159813371240098e-08	4.324624624624624403e+02
2.025334857419923222e-08	4.327727727727727824e+02
2.035593869731383924e-08	4.330830830830831246e+02
2.045876191638055176e-08	4.333933933933933531e+02
2.056225528630970698e-08	4.337037037037036953e+02
2.066615913606398017e-08	4.340140140140140375e+02
2.077056142560587580e-08	4.343243243243243228e+02
2.087555378622463485e-08	4.346346346346346081e+02
2.098087068593568748e-08	4.349449449449449503e+02
2.108695946566533501e-08	4.352552552552552925e+02
2.119322655626511742e-08	4.355655655655655778e+02
2.130038981901629730e-08	4.358758758758758631e+02
2.140776348559689749e-08	4.361861861861862053e+02
2.151585853673543027e-08	4.364964964964964906e+02
2.162434675399311130e-08	4.368068068068067760e+02
2.173337935510810609e-08	4.371171171171171181e+02
2.184299012580859852e-08	4.374274274274274603e+02
2.195296605624727963e-08	4.377377377377377456e+02
2.206370741122560285e-08	4.380480480480480310e+02
2.217463246809345541e-08	4.383583583583583732e+02
2.228651246625405991e-08	4.386686686686686585e+02
2.239857842065619101e-08	4.389789789789789438e+02
2.251141919273137883e-08	4.392892892892892860e+02
2.262463414195283705e-08	4.395995995995996282e+02
2.273844153832254156e-08	4.399099099099099135e+02
2.285281360771767422e-08	4.402202202202201988e+02
2.296759349652007967e-08	4.405305305305305410e+02
2.308313083951268506e-08	4.408408408408408832e+02
2.319888910664405781e-08	4.411511511511511117e+02
2.331559990472725612e-08	4.414614614614614538e+02
2.343250216406737239e-08	4.417717717717717960e+02
2.355023491657845596e-08	4.420820820820820813e+02
2.366832113903268312e-08	4.423923923923923667e+02
2.378705003411082336e-08	4.427027027027027088e+02
2.390632846762229425e-08	4.430130130130130510e+02
2.402605946219648313e-08	4.433233233233233364e+02
2.414653838277761610e-08	4.436336336336336217e+02
2.426727745153509976e-08	4.439439439439439639e+02
2.438896516326774759e-08	4.442542542542542492e+02
2.451084992147091909e-08	4.445645645645645345e+02
2.463362313368926447e-08	4.448748748748748767e+02
2.475672734745404350e-08	4.451851851851852189e+02
2.488052666446631200e-08	4.454954954954955042e+02
2.500485870432443823e-08	4.458058058058057895e+02
2.512969017185058504e-08	4.461161161161161317e+02
2.525525843640324581e-08	4.464264264264264170e+02
2.538112811792131157e-08	4.467367367367367024e+02
2.550794103383906904e-08	4.470470470470470445e+02
2.563495666163917022e-08	4.473573573573573867e+02
2.576292103260808686e-08	4.476676676676676720e+02
2.589119213256982308e-08	4.479779779779779574e+02
2.602021301451402449e-08	4.482882882882882996e+02
2.614974807975790442e-08	4.485985985985985849e+02
2.627983160718813367e-08	4.489089089089088702e+02
2.641063915890404740e-08	4.492192192192192124e+02
2.654179148408932493e-08	4.495295295295295546e+02
2.667388007153646464e-08	4.498398398398398399e+02
2.680617711647597915e-08	4.501501501501501252e+02
2.693948556501090843e-08	4.504604604604604674e+02
2.707307462286480498e-08	4.507707707707708096e+02
2.720747043251069394e-08	4.510810810810810949e+02
2.734236011898810788e-08	4.513913913913913802e+02
2.747784951304668267e-08	4.517017017017017224e+02
2.761404847192620359e-08	4.520120120120120077e+02
2.775063769145726257e-08	4.523223223223222931e+02
2.788815459458685823e-08	4.526326326326326353e+02
2.802588578101707740e-08	4.529429429429429774e+02
2.816469344570540743e-08	4.532532532532532628e+02
2.830375370995527660e-08	4.535635635635635481e+02
2.844368002984474634e-08	4.538738738738738903e+02
2.858407811021217974e-08	4.541841841841841756e+02
2.872512939739529661e-08	4.544944944944944609e+02
2.886687406024758664e-08	4.548048048048048031e+02
2.900905664457513208e-08	4.551151151151151453e+02
2.915215668434886657e-08	4.554254254254254306e+02
2.929547691342969424e-08	4.557357357357357159e+02
2.943994115263094176e-08	4.560460460460460581e+02
2.958462804858938700e-08	4.563563563563563434e+02
2.973024268103626421e-08	4.566666666666666288e+02
2.987630510475894737e-08	4.569769769769769709e+02
3.002307653133494144e-08	4.572872872872873131e+02
3.017052337177777168e-08	4.575975975975975985e+02
3.031845801112444202e-08	4.579079079079078838e+02
3.046729818531280922e-08	4.582182182182182260e+02
3.061640247383000248e-08	4.585285285285285681e+02
3.076664492685858207e-08	4.588388388388388535e+02
3.091711605664688552e-08	4.591491491491491388e+02
3.106857902373713876e-08	4.594594594594594810e+02
3.122046391708892109e-08	4.597697697697697663e+02
3.137311594909806756e-08	4.600800800800800516e+02
3.152642361755801021e-08	4.603903903903903938e+02
3.168027122191859569e-08	4.607007007007007360e+02
3.183501070510070200e-08	4.610110110110110213e+02
3.199006040700334449e-08	4.613213213213213066e+02
3.214624077259108531e-08	4.616316316316316488e+02
3.230265591513923424e-08	4.619419419419419341e+02
3.246012945873076222e-08	4.622522522522522195e+02
3.261799712479430084e-08	4.625625625625625617e+02
3.277669244804902010e-08	4.628728728728729038e+02
3.293602177176127307e-08	4.631831831831831892e+02
3.309594547090248748e-08	4.634934934934934745e+02
3.325674561446624037e-08	4.638038038038038167e+02
3.341790430347553778e-08	4.641141141141141020e+02
3.358018445716285834e-08	4.644244244244243873e+02
3.374270556820957492e-08	4.647347347347347295e+02
3.390635414993243480e-08	4.650450450450450717e+02
3.407036706859900922e-08	4.653553553553553570e+02
3.423527058868363857e-08	4.656656656656656423e+02
3.440078457169219096e-08	4.659759759759759845e+02
3.456694971515289659e-08	4.662862862862863267e+02
3.473397404729477632e-08	4.665965965965965552e+02
3.490140751690397697e-08	4.669069069069068973e+02
3.506995151104013326e-08	4.672172172172172395e+02
3.523874272313278524e-08	4.675275275275275249e+02
3.540873302438893122e-08	4.678378378378378102e+02
3.557905585235862538e-08	4.681481481481481524e+02
3.575033469462966387e-08	4.684584584584584945e+02
3.592219851778711062e-08	4.687687687687687799e+02
3.609477267487809991e-08	4.690790790790790652e+02
3.626818690060350363e-08	4.693893893893894074e+02
3.644206316407779921e-08	4.696996996996996927e+02
3.661703722782062663e-08	4.700100100100099780e+02
3.679226485031537292e-08	4.703203203203203202e+02
3.696876577227895404e-08	4.706306306306306624e+02
3.714556534306044450e-08	4.709409409409409477e+02
3.732338885264630146e-08	4.712512512512512330e+02
3.750176987361406178e-08	4.715615615615615752e+02
3.768092283341824921e-08	4.718718718718718605e+02
3.786089483454107407e-08	4.721821821821821459e+02
3.804138412491781141e-08	4.724924924924924881e+02
3.822295666423398944e-08	4.728028028028028302e+02
3.840478918329559485e-08	4.731131131131131156e+02
3.858797184691264395e-08	4.734234234234234009e+02
3.877141717082343814e-08	4.737337337337337431e+02
3.895595691262470452e-08	4.740440440440440852e+02
3.914102466587276379e-08	4.743543543543543137e+02
3.932692843724509323e-08	4.746646646646646559e+02
3.951362827238809370e-08	4.749749749749749981e+02
3.970090304247653654e-08	4.752852852852852834e+02
3.988924464014130423e-08	4.755955955955955687e+02
4.007789739584920140e-08	4.759059059059059109e+02
4.026789046473210257e-08	4.762162162162162531e+02
4.045815272889829395e-08	4.765265265265265384e+02
4.064958248758743787e-08	4.768368368368368237e+02
4.084150868439469835e-08	4.771471471471471659e+02
4.103433749596207028e-08	4.774574574574574513e+02
4.122793740055658027e-08	4.777677677677677366e+02
4.142217232293818717e-08	4.780780780780780788e+02
4.161745573853564089e-08	4.783883883883884209e+02
4.181310384742552884e-08	4.786986986986987063e+02
4.201008060531084979e-08	4.790090090090089916e+02
4.220733317366736267e-08	4.793193193193193338e+02
4.240582895368902064e-08	4.796296296296296191e+02
4.260478748214286474e-08	4.799399399399399044e+02
4.280471778230435464e-08	4.802502502502502466e+02
4.300539216859055213e-08	4.805605605605605888e+02
4.320676413561863238e-08	4.808708708708708741e+02
4.340916430554143469e-08	4.811811811811811594e+02
4.361198510392120063e-08	4.814914914914915016e+02
4.381612101135437964e-08	4.818018018018018438e+02
4.402053942464467804e-08	4.821121121121120723e+02
4.422627945021550934e-08	4.824224224224224145e+02
4.443244637521220990e-08	4.827327327327327566e+02
4.463965683213877043e-08	4.830430430430430420e+02
4.484758228916539958e-08	4.833533533533533273e+02
4.505627041296548378e-08	4.836636636636636695e+02
4.526596445041514133e-08	4.839739739739740116e+02
4.547613749436456956e-08	4.842842842842842970e+02
4.568761018869959122e-08	4.845945945945945823e+02
4.589937216447610899e-08	4.849049049049049245e+02
4.611253687958470305e-08	4.852152152152152098e+02
4.632609044282907921e-08	4.855255255255254951e+02
4.654076194446385787e-08	4.858358358358358373e+02
4.675611723808852018e-08	4.861461461461461795e+02
4.697230285055800290e-08	4.864564564564564648e+02
4.718947004554460175e-08	4.867667667667667502e+02
4.740717711091565152e-08	4.870770770770770923e+02
4.762616640631532467e-08	4.873873873873873777e+02
4.784545183893893611e-08	4.876976976976976630e+02
4.806622390734608380e-08	4.880080080080080052e+02
4.828734452735182529e-08	4.883183183183183473e+02
4.850966018140986002e-08	4.886286286286286327e+02
4.873262625429870991e-08	4.889389389389389180e+02
4.895649290710719379e-08	4.892492492492492602e+02
4.918131472644966409e-08	4.895595595595596023e+02
4.940673980886614540e-08	4.898698698698698308e+02
4.963342769630199063e-08	4.901801801801801730e+02
4.986041865694246045e-08	4.904904904904905152e+02
5.008898296218081660e-08	4.908008008008008005e+02
5.031785323427016608e-08	4.911111111111110858e+02
5.054799836823868304e-08	4.914214214214214280e+02
5.077875833986674551e-08	4.917317317317317702e+02
5.101049180445571700e-08	4.920420420420420555e+02
5.124315189178153523e-08	4.923523523523523409e+02
5.147648120663957202e-08	4.926626626626626830e+02
5.171105185389169596e-08	4.929729729729729684e+02
5.194598455642544134e-08	4.932832832832832537e+02
5.218247623590178257e-08	4.935935935935935959e+02
5.241928093220584664e-08	4.939039039039039380e+02
5.265744309334396241e-08	4.942142142142142234e+02
5.289618225999480217e-08	4.945245245245245087e+02
5.313597052757792932e-08	4.948348348348348509e+02
5.337665470332340943e-08	4.951451451451451362e+02
5.361807668579087711e-08	4.954554554554554215e+02
5.386071643744825695e-08	4.957657657657657637e+02
5.410377976099777095e-08	4.960760760760761059e+02
5.434838568345353915e-08	4.963863863863863912e+02
5.459331175291197073e-08	4.966966966966966766e+02
5.483968070825099013e-08	4.970070070070070187e+02
5.508658654301700936e-08	4.973173173173173041e+02
5.533461982457983742e-08	4.976276276276275894e+02
5.558351608599001175e-08	4.979379379379379316e+02
5.583322139100704674e-08	4.982482482482482737e+02
5.608411876846720598e-08	4.985585585585585591e+02
5.633550381192684560e-08	4.988688688688688444e+02
5.658841302291235324e-08	4.991791791791791866e+02
5.684164959127368246e-08	4.994894894894895288e+02
5.709641732761676764e-08	4.997997997997998141e+02
5.735167948039903396e-08	5.001101101101100994e+02
5.760815020669932948e-08	5.004204204204204416e+02
5.786544872782780976e-08	5.007307307307307269e+02
5.812363023010639259e-08	5.010410410410410122e+02
5.838297593157573193e-08	5.013513513513513544e+02
5.864287601361206888e-08	5.016616616616616966e+02
5.890427973548616150e-08	5.019719719719719819e+02
5.916601810530744494e-08	5.022822822822822673e+02
5.942937882923000583e-08	5.025925925925926094e+02
5.969318912673828536e-08	5.029029029029028948e+02
5.995829194830565903e-08	5.032132132132131801e+02
6.022418508001492094e-08	5.035235235235235223e+02
6.049103787403927992e-08	5.038338338338338644e+02
6.075902477453272652e-08	5.041441441441441498e+02
6.102763543358419645e-08	5.044544544544544351e+02
6.129772706551461004e-08	5.047647647647647773e+02
6.156816071616174838e-08	5.050750750750750626e+02
6.184031085401103240e-08	5.053853853853853479e+02
6.211286329976387583e-08	5.056956956956956901e+02
6.238679508690016622e-08	5.060060060060060323e+02
6.266147735686121853e-08	5.063163163163163176e+02
6.293719875688737976e-08	5.066266266266266030e+02
6.321402190822877105e-08	5.069369369369369451e+02
6.349154090250599124e-08	5.072472472472472305e+02
6.377051602046904118e-08	5.075575575575575726e+02
6.404984060811662037e-08	5.078678678678678580e+02
6.433097880601207640e-08	5.081781781781782001e+02
6.461246958033655425e-08	5.084884884884884855e+02
6.489542942311551688e-08	5.087987987987988276e+02
6.517909753580822569e-08	5.091091091091091130e+02
6.546388707586446304e-08	5.094194194194193983e+02
6.574974370668617616e-08	5.097297297297297405e+02
6.603637101417174033e-08	5.100400400400400258e+02
6.632442737095247359e-08	5.103503503503503680e+02
6.661290053377756830e-08	5.106606606606606533e+02
6.690316785241677857e-08	5.109709709709709955e+02
6.719379531244885179e-08	5.112812812812812808e+02
6.748598452071623845e-08	5.115915915915915662e+02
6.777883735742918163e-08	5.119019019019019083e+02
6.807289679131569910e-08	5.122122122122121937e+02
6.836798630705887588e-08	5.125225225225225358e+02
6.866392412550737407e-08	5.128328328328327643e+02
6.896126165069956262e-08	5.131431431431431065e+02
6.925908603041126803e-08	5.134534534534534487e+02
6.955868292354063465e-08	5.137637637637637908e+02
6.985864760322497594e-08	5.140740740740741330e+02
7.016026970659864063e-08	5.143843843843843615e+02
7.046250832542900191e-08	5.146946946946947037e+02
7.076604162671803954e-08	5.150050050050049322e+02
7.107056560963253355e-08	5.153153153153152743e+02
7.137601835657079034e-08	5.156256256256256165e+02
7.168283915657691792e-08	5.159359359359359587e+02
7.199021961465625934e-08	5.162462462462463009e+02
7.229934871283076383e-08	5.165565565565565294e+02
7.260885332292059882e-08	5.168668668668668715e+02
7.292011407079052422e-08	5.171771771771771000e+02
7.323194170664422554e-08	5.174874874874874422e+02
7.354515506868024467e-08	5.177977977977977844e+02
7.385931727782462125e-08	5.181081081081081265e+02
7.417449159055125900e-08	5.184184184184184687e+02
7.449099994858250784e-08	5.187287287287288109e+02
7.480814356628249368e-08	5.190390390390390394e+02
7.512700967686605430e-08	5.193493493493492679e+02
7.544625910492343950e-08	5.196596596596596100e+02
7.576736646645165751e-08	5.199699699699699522e+02
7.608898853104335906e-08	5.202802802802802944e+02
7.641209036694257910e-08	5.205905905905906366e+02
7.673609673818411532e-08	5.209009009009009787e+02
7.706120147376977920e-08	5.212112112112112072e+02
7.738760384984604329e-08	5.215215215215215494e+02
7.771471992819194296e-08	5.218318318318317779e+02
7.804353003535717649e-08	5.221421421421421201e+02
7.837273134575282722e-08	5.224524524524524622e+02
7.870389550987320725e-08	5.227627627627628044e+02
7.903551959172628095e-08	5.230730730730731466e+02
7.936872053437698380e-08	5.233833833833833751e+02
7.970277918039165529e-08	5.236936936936937173e+02
8.003802541567922497e-08	5.240040040040039457e+02
8.037453044662909684e-08	5.243143143143142879e+02
8.071183050641824222e-08	5.246246246246246301e+02
8.105079377114629191e-08	5.249349349349349723e+02
8.139015620505966170e-08	5.252452452452453144e+02
8.173158958047809594e-08	5.255555555555555429e+02
8.207342544492457254e-08	5.258658658658658851e+02
8.241693834698728790e-08	5.261761761761761136e+02
8.276125955725978199e-08	5.264864864864864558e+02
8.310686058886421290e-08	5.267967967967967979e+02
8.345367908832502327e-08	5.271071071071071401e+02
8.380137687012651758e-08	5.274174174174174823e+02
8.415070463020715902e-08	5.277277277277277108e+02
8.450050780061938823e-08	5.280380380380380529e+02
8.485235682082104159e-08	5.283483483483482814e+02
8.520461641000170328e-08	5.286586586586586236e+02
8.555865634390903654e-08	5.289689689689689658e+02
8.591345258473273912e-08	5.292792792792793080e+02
8.626962392904079770e-08	5.295895895895896501e+02
8.662696888745840377e-08	5.298998998998998786e+02
8.698528035161354505e-08	5.302102102102102208e+02
8.734518612164555676e-08	5.305205205205204493e+02
8.770564643285231624e-08	5.308308308308307915e+02
8.806812513658859736e-08	5.311411411411411336e+02
8.843102256945292487e-08	5.314514514514514758e+02
8.879580682740921305e-08	5.317617617617618180e+02
8.916129274188611586e-08	5.320720720720720465e+02
8.952825213505667073e-08	5.323823823823823886e+02
8.989633871968595910e-08	5.326926926926926171e+02
9.026548204630804172e-08	5.330030030030029593e+02
9.063618151769891396e-08	5.333133133133133015e+02
9.100751759376792379e-08	5.336236236236236437e+02
9.138084219659867516e-08	5.339339339339339858e+02
9.175459376890487418e-08	5.342442442442443280e+02
9.213034186288653003e-08	5.345545545545545565e+02
9.250673427092756157e-08	5.348648648648647850e+02
9.288470166889159679e-08	5.351751751751751272e+02
9.326374722379611285e-08	5.354854854854854693e+02
9.364394281277049366e-08	5.357957957957958115e+02
9.402565385373613728e-08	5.361061061061061537e+02
9.440808653850715359e-08	5.364164164164164958e+02
9.479247543280092941e-08	5.367267267267267243e+02
9.517729961711573213e-08	5.370370370370369528e+02
9.556423327887161468e-08	5.373473473473472950e+02
9.595175117719642843e-08	5.376576576576576372e+02
9.634094875565688466e-08	5.379679679679679793e+02
9.673117280170864735e-08	5.382782782782783215e+02
9.712264327269271922e-08	5.385885885885886637e+02
9.751558592825775681e-08	5.388988988988988922e+02
9.790933828534257172e-08	5.392092092092092344e+02
9.830501204027688946e-08	5.395195195195194628e+02
9.870112948597618978e-08	5.398298298298298050e+02
9.909947266702677057e-08	5.401401401401401472e+02
9.949833722916346706e-08	5.404504504504504894e+02
9.989898938359540041e-08	5.407607607607608315e+02
1.003006136184751139e-07	5.410710710710710600e+02
1.007035838108982793e-07	5.413813813813814022e+02
1.011079803028963364e-07	5.416916916916916307e+02
1.015132776156787913e-07	5.420020020020019729e+02
1.019204589772398933e-07	5.423123123123123150e+02
1.023280925105078866e-07	5.426226226226226572e+02
1.027380713821458056e-07	5.429329329329329994e+02
1.031485059584311574e-07	5.432432432432432279e+02
1.035608393040815805e-07	5.435535535535535701e+02
1.039740876022789520e-07	5.438638638638637985e+02
1.043887845753427022e-07	5.441741741741741407e+02
1.048048593024161161e-07	5.444844844844844829e+02
1.052219290740520619e-07	5.447947947947948251e+02
1.056408429650346113e-07	5.451051051051051672e+02
1.060602947241597597e-07	5.454154154154153957e+02
1.064820605421540848e-07	5.457257257257257379e+02
1.069042906597339072e-07	5.460360360360359664e+02
1.073285340316219615e-07	5.463463463463463086e+02
1.077536324444354098e-07	5.466566566566566507e+02
1.081802854771132061e-07	5.469669669669669929e+02
1.086082650147127081e-07	5.472772772772773351e+02
1.090373369681299391e-07	5.475875875875875636e+02
1.094682104881374431e-07	5.478978978978979058e+02
1.098997106400022312e-07	5.482082082082081342e+02
1.103334910281090733e-07	5.485185185185184764e+02
1.107677443909378535e-07	5.488288288288288186e+02
1.112041288438546502e-07	5.491391391391391608e+02
1.116413055993910016e-07	5.494494494494495029e+02
1.120801461904284205e-07	5.497597597597598451e+02
1.125202592908134671e-07	5.500700700700700736e+02
1.129615653687120387e-07	5.503803803803803021e+02
1.134046277941567424e-07	5.506906906906906443e+02
1.138484087254156911e-07	5.510010010010009864e+02
1.142944334841999124e-07	5.513113113113113286e+02
1.147409399730405582e-07	5.516216216216216708e+02
1.151896987815492577e-07	5.519319319319320130e+02
1.156391842847240237e-07	5.522422422422422414e+02
1.160904461526384795e-07	5.525525525525524699e+02
1.165429237448776755e-07	5.528628628628628121e+02
1.169966981097297584e-07	5.531731731731731543e+02
1.174521808938325793e-07	5.534834834834834965e+02
1.179084772109119277e-07	5.537937937937938386e+02
1.183669783177470758e-07	5.541041041041041808e+02
1.188259699901711936e-07	5.544144144144144093e+02
1.192873386486070189e-07	5.547247247247247515e+02
1.197493654811447536e-07	5.550350350350349800e+02
1.202132845642261861e-07	5.553453453453453221e+02
1.206783597541964114e-07	5.556556556556556643e+02
1.211448387882458814e-07	5.559659659659660065e+02
1.216129755610364354e-07	5.562762762762763487e+02
1.220820240901344190e-07	5.565865865865865771e+02
1.225532356992027531e-07	5.568968968968969193e+02
1.230249467895910051e-07	5.572072072072071478e+02
1.234991630120611886e-07	5.575175175175174900e+02
1.239739659324951580e-07	5.578278278278278322e+02
1.244507803888050666e-07	5.581381381381381743e+02
1.249286884591920187e-07	5.584484484484485165e+02
1.254081107644547348e-07	5.587587587587587450e+02
1.258891373327714158e-07	5.590690690690690872e+02
1.263711771198587030e-07	5.593793793793793157e+02
1.268553355621512074e-07	5.596896896896896578e+02
1.273400024816929014e-07	5.600000000000000000e+02
